lane_dev_avg,angle_avg,speed_avg
0.35286181158071356,0.9933786847342659,1.2307020164367668
0.18197470742668356,0.9919060318330677,1.1812263582371498
